455201_ maxtemp,455201_dewp,455201_meanrh,455201_meantemp,455201_mintemp,455201_rain,455203_ maxtemp,455203_dewp,455203_meanrh,455203_meantemp,455203_mintemp,455203_rain,455301_ maxtemp,455301_dewp,455301_meanrh,455301_meantemp,455301_mintemp,455301_rain,week,year,total_cases_adj,trend,diff
,0,0,,,0,,17.4,,,,0,0,0,62.1428571429,,,0,0,54,59.25,116,-56.75
,0.1428571428,2.4285714286,,-0.6428571428,0,-1.3571428572,17.4,,-1.5571428571,-0.5,0,0.9857142857,0.0428571428,62.1428571429,-1.1285714286,-0.5142857143,0,1,54,59.25,97,-37.75
,2.2428571428,4.8571428571,,-1.4714285715,0,-0.1285714285,17.4,,-1.5571428571,-1.1285714286,0,1.2142857142,1.9714285714,62.1428571429,-1.1285714286,-0.5142857143,0,2,54,59.25,79,-19.75
,2.4,5.7142857143,,-0.6428571428,0,2.3142857143,17.6857142857,,-1.5571428571,-1.1285714286,0,2.2285714285,2.2285714286,59.2857142857,-1.1285714286,3.9142857143,0,3,54,59.25,69,-9.75
,2.4,5.7142857143,,-1.4714285715,0,2.3142857143,17.6857142857,,-1.5571428571,-1.1285714286,0,2.2285714285,2.2285714286,59.2857142857,-1.8,3.9142857143,0,4,54,91.8333333333,68,23.8333333333
,5.4,12.7142857143,,-0.6428571428,0,2.3142857143,17.9428571429,,-1.5571428571,-1.1285714286,0,2.8285714285,5.6857142857,59.2857142857,-1.8,3.9142857143,0,5,54,122.416666667,78,44.4166666667
,7.0714285714,18.7142857143,,0.9285714285,0,2.3142857143,21.1714285714,,-1.5571428571,-1.1285714286,0,2.8285714285,6.8571428572,59.2857142857,-1.8,3.9142857143,0,6,54,147,78,69
,7.5285714285,19.4285714286,,0.2285714286,0,2.3142857143,21.1714285714,,-1.5571428571,-1.1285714286,0,2.8285714285,7.2285714286,59.2857142857,-1.8,3.9142857143,0,7,54,127.8,108,19.8
,7.8857142857,21.2857142857,,0.2285714286,0,2.3142857143,23.4714285714,,-1.5142857143,-1.1285714286,0,2.8285714285,7.5,59.2857142857,-1.8,3.9142857143,0,8,54,110.6,117,-6.4
,7.8857142857,21.2857142857,,0.6428571428,0,2.3142857143,23.4714285714,,-1.5142857143,-1.1285714286,0,3.2428571428,7.5,59.2857142857,-1.8,3.9142857143,0,9,54,99.4,127,-27.6
,7.8857142857,21.4285714286,,0.2285714286,0,2.3142857143,23.4714285714,,-1.5571428571,-3.6857142857,0,3.8285714286,7.5,59.2857142857,-3.4714285714,3.9142857143,0,10,54,99.4,101,-1.6
,7.8857142857,21.4285714286,,0.6428571428,0,3,23.4714285714,,-1.5571428571,-3.6857142857,0,3.8285714286,7.5,59.2857142857,-1.8,3.9142857143,0,11,54,99.4,136,-36.6
,7.8857142857,21.4285714286,,0.6428571428,0,3,23.4714285714,,-3.6285714286,-3.6857142857,0,6.2285714286,7.5,59.2857142857,-3.4714285714,3.9142857143,0,12,54,79.2666666667,87,-7.7333333333
,7.8857142857,21.4285714286,,0.6428571428,0,5.5857142858,23.9428571429,,-3.6285714286,-3.6857142857,0,6.2285714286,7.5,59.2857142857,-3.4714285714,3.9142857143,0,13,54,59.1333333333,91,-31.8666666667
,7.9,22,,0.6428571428,0,5.5857142858,23.9428571429,,-3.6285714286,-3.6857142857,0,6.2285714286,7.6714285714,59.2857142857,-3.4714285714,3.9142857143,0,14,54,64.5,92,-27.5
,8.1571428571,22,,0.9285714285,0,5.5857142858,24.0714285714,,-1.5571428571,-3.6857142857,0,7,7.9571428572,59.2857142857,-3.4714285714,3.9142857143,0,15,54,90,70,20
,8.3142857142,23.5714285715,,0.6428571428,0,5.5857142858,24.2142857143,,-1.5571428571,-3.6857142857,0,7,7.9571428572,59.2857142857,-3.4714285714,3.9142857143,0,16,54,102.666666667,64,38.6666666667
,8.7428571428,23.5714285715,,0.8142857143,0.0142857143,5.5857142858,24.3,,-1.5571428571,-3.6857142857,0,7.1571428572,8.4428571429,59.2857142857,-3.4714285714,3.9142857143,0,17,54,89.8333333333,86,3.8333333333
,8.7428571428,23.5714285715,,0.8142857143,0.0142857143,5.5857142858,24.3571428571,,-1.5571428571,-3.6857142857,0,7.1571428572,8.4428571429,59.2857142857,-3.4714285714,3.9142857143,0,18,54,87.8333333333,64,23.8333333333
,8.7428571428,25.1428571429,,0.6428571428,0.0142857143,5.5857142858,24.7285714286,,-1.5571428571,-3.6857142857,0,7.1571428572,8.4428571429,59.2857142857,-3.4714285714,3.9142857143,0,19,54,98.6666666667,71,27.6666666667
,8.7428571428,25.1428571429,,0.7,0.0285714286,5.5857142858,24.7285714286,,-1.5571428571,-3.6857142857,0.0285714286,7.1571428572,8.4428571429,59.2857142857,-3.4714285714,3.9142857143,0,20,54,202.666666667,80,122.666666667
,8.7428571428,25.1428571429,,0.7,0.0285714286,5.5857142858,24.4857142857,,-1.5142857143,-3.6857142857,0.0285714286,7.1571428572,8.4428571429,59.2857142857,-1.8,3.9142857143,0,21,54,250.766666667,106,144.766666667
,9.1,27,,0.6428571428,0.0285714286,5.5857142858,24.7285714286,,-1.5142857143,-3.6857142857,0.0285714286,7.1571428572,8.5428571429,59.2857142857,-1.8,3.9142857143,0,22,54,298.866666667,89,209.866666667
,9.1,27,,0.6714285714,0.0285714286,5.5857142858,24.7285714286,,-1.5142857143,-3.6857142857,0.0285714286,7.1571428572,8.5428571429,59.2857142857,-1.8,3.9142857143,0,23,54,253.8,93,160.8
,9.1,27,,0.6428571428,0.0428571429,5.5857142858,24.7285714286,,-1.5142857143,-3.6857142857,0.0571428571,7.1571428572,8.5428571429,59.2857142857,-1.8,3.9142857143,0,24,54,253.8,116,137.8
,9.1,27,,0.6428571428,0.0428571429,5.5857142858,24.7285714286,,-1.5142857143,-3.6857142857,0.0571428571,7.1571428572,8.5428571429,59.2857142857,-1.8,3.9142857143,0,25,54,253.8,126,127.8
,9.1,27,,0.6428571428,0.0428571429,5.5857142858,24.7285714286,,-1.5142857143,-3.6857142857,0.0571428571,7.1571428572,8.5428571429,59.2857142857,-1.8,3.9142857143,0,26,54,285.2,136,149.2
,9.1,27,,0.6142857143,0.2,5.5857142858,24.4857142857,,-1.5142857143,-3.6857142857,0.0857142857,7.1571428572,8.5428571429,59.2857142857,-1.8,3.9142857143,0,27,54,316.6,150,166.6
,9.1,27,,0.6142857143,0.2,5.5857142858,24.4857142857,,-1.2714285714,-3.6857142857,0.0857142857,7.1571428572,8.5428571429,59.2857142857,-1.8,3.9142857143,0,28,54,348,161,187
,9.1,27,,0.6142857143,0.2,5.5857142858,24.4857142857,,-1.2714285714,-3.6857142857,0.0857142857,7.1571428572,8.5428571429,59.2857142857,-1.8,3.9142857143,0,29,54,370.666666667,176,194.666666667
,9.1,27,,0.6142857143,0.3,5.5857142858,24.4857142857,,-1.2714285714,-3.6857142857,0.3714285714,7.1571428572,8.5428571429,59.2857142857,-1.8,3.9142857143,0,30,54,454.333333333,214,240.333333333
,9.1,27,,0.6142857143,0.3,5.5857142858,24.4857142857,,-1.2714285714,-3.6857142857,0.3714285714,7.1571428572,8.5428571429,59.2857142857,-1.3,3.9142857143,0,31,54,506.333333333,244,262.333333333
,9.1,27,,0.6142857143,0.3,5.5857142858,24.4857142857,,-1.2714285714,-3.6857142857,0.3714285714,7.1571428572,8.5428571429,59.2857142857,-1.3,3.9142857143,0.0857142857,32,54,473.166666667,244,229.166666667
,9.1,27,,0.6142857143,0.3,5.5857142858,24.4857142857,,-1.2714285714,-3.6857142857,0.3714285714,7.1571428572,8.5428571429,59.2857142857,-1.3,3.9142857143,0.0857142857,33,54,379,224,155
,9.1,27,,0.6142857143,0.3571428571,5.5857142858,24.4857142857,,-1.4,-3.6857142857,0.4142857143,7.1571428572,8.5428571429,59.2857142857,-1.3,3.9142857143,0.0857142857,34,54,294.333333333,232,62.3333333333
,9.1,27,,0.6142857143,0.3571428571,5.5857142858,24.4857142857,,-1.2714285714,-3.6857142857,0.4142857143,7.1571428572,8.5428571429,59.2857142857,-1.3,3.9142857143,0.0857142857,35,54,272.166666667,239,33.1666666667
,9.1,27,,0.5142857143,0.3571428571,5.5857142858,24.4857142857,,-1.2714285714,-3.6857142857,0.4142857143,7.1571428572,8.5428571429,59.2857142857,-1.3,3.9142857143,0.2857142857,36,54,250,242,8
,9.1,27,,0.5142857143,0.4,5.5857142858,24.4857142857,,-1.2714285714,-3.6857142857,0.4571428571,7.1571428572,8.5428571429,59.2857142857,-1.3,3.9142857143,0.2857142857,37,54,211.333333333,234,-22.6666666667
,9.1,27,,0.5142857143,0.4,5.5857142858,24.4857142857,,-1.2714285714,-3.6857142857,0.4571428571,7.1571428572,8.5428571429,59.2857142857,-1.3,3.9142857143,0.2857142857,38,54,172.666666667,237,-64.3333333333
,9.1,27,,0.4571428572,0.4,5.5857142858,24.4857142857,,-1.2714285714,-3.6857142857,0.4571428571,7.1571428572,8.5428571429,59.2857142857,-1.3,3.9142857143,0.2857142857,39,54,141.666666667,224,-82.3333333333
,9.1,31.2857142857,,0.4571428572,1.3571428571,5.5857142858,24.7285714286,,-1.4,-3.6857142857,0.8714285714,7.1571428572,8.5428571429,59.2857142857,-1.3,3.9142857143,0.8,40,54,149.333333333,181,-31.6666666667
,9.1,31.2857142857,,0.4571428572,1.3571428571,5.5857142858,24.7285714286,,-1.2714285714,-3.6857142857,0.8714285714,7.1571428572,8.5428571429,59.2857142857,-1.1285714286,3.9142857143,0.8,41,54,171,185,-14
,9.1,31.2857142857,,0.4571428572,1.3571428571,5.5857142858,24.7285714286,,-1.2714285714,-3.6857142857,0.8714285714,7.1571428572,8.5428571429,59.2857142857,-1.1285714286,3.9142857143,0.8,42,54,185,200,-15
,9.1,31.2857142857,,0.4571428572,0.4,5.5857142858,24.7285714286,,-1.2714285714,-3.6857142857,0.4571428571,7.1571428572,8.5428571429,59.2857142857,-1.1285714286,3.9142857143,0.2857142857,43,54,199,241,-42
,9.1,31.2857142857,,0.2571428571,0.4,5.5857142858,24.7285714286,,-1.2714285714,-3.6857142857,0.4571428571,7.1571428572,8.5428571429,59.2857142857,-1.1285714286,3.9142857143,0.2857142857,44,54,180,238,-58
,9.1,31.2857142857,,0.2571428571,0.3571428571,5.5857142858,24.7285714286,,-1.2714285714,-3.6857142857,0.4142857143,7.1571428572,8.5428571429,59.2857142857,-1.1285714286,3.9142857143,0.0857142857,45,54,161,257,-96
,9.1,31.2857142857,,0.2571428571,0.3,5.5857142858,24.7285714286,,-1.2714285714,-3.6857142857,0.3714285714,7.1571428572,8.5428571429,59.2857142857,-1.1285714286,3.9142857143,0,46,54,174.888888889,276,-101.111111111
,9.1,31.2857142857,,0.2571428571,0.3,5.5857142858,24.7285714286,,-1.2714285714,-3.6857142857,0.3714285714,7.1571428572,8.5428571429,59.2857142857,-1.1285714286,3.9142857143,0,47,54,207.777777778,279,-71.2222222222
,9.1,31.2857142857,,0.2571428571,0.3,5.5857142858,24.7285714286,,-1.2714285714,-3.6857142857,0.1714285714,7.1571428572,8.5428571429,59.2857142857,-1.3,3.9142857143,0,48,54,240.666666667,292,-51.3333333333
,8.5285714286,31.2857142857,,0.2571428571,0.3,5.5857142858,24.4857142857,,-1.4,-3.6857142857,0.0857142857,7.1571428572,8.0142857143,59.2857142857,-1.3857142857,3.9142857143,0,49,54,199.444444444,273,-73.5555555555
,8.5285714286,31.2857142857,,0.2571428571,0.3,5.5857142858,24.4857142857,,-1.4,-3.6857142857,0.0857142857,7.1571428572,8.0142857143,59.2857142857,-1.3857142857,3.9142857143,0,50,54,158.222222222,259,-100.777777778
,8.5857142858,31.2857142857,,0.2571428571,0.3,5.5857142858,24.4428571429,,-1.4,-3.6857142857,0.0571428571,7.1571428572,8.4285714286,59.2857142857,-1.3,3.9142857143,0,51,54,104.333333333,196,-91.6666666667
0.1857142858,8.5857142858,31.2857142857,,0.2571428571,0.3571428571,5.5857142858,24.4285714286,11.5714285715,-1.4,-3.6857142857,0.1714285714,7.1571428572,8.4285714286,59.8571428571,-1.3,3.9142857143,0,0,55,91.6666666667,116,-24.3333333333
0.1857142858,8.5857142858,29.1428571428,,0.2285714286,0.3571428571,5.5857142858,24.4285714286,9.142857143,-1.4,-3.6857142857,0.1714285714,7.1571428572,8.4285714286,59.8571428571,-1.3,3.5142857143,0,1,55,79,97,-18
0.1857142858,8.5857142858,29.1428571428,,0.2571428571,0.3,5.5857142858,24.4142857143,31.4285714287,-1.4,-3.6857142857,0.2142857143,7.1571428572,8.4285714286,59.8571428571,-1.3,3.5142857143,0,2,55,79,79,-1.42108547152E-14
-0.3857142858,8.5857142858,29.1428571428,,0.2571428571,0.3,5.5857142858,24.3428571429,54.142857143,-1.4,-3.6857142857,0.3714285714,7.1571428572,8.4285714286,59.8571428571,-1.1142857143,3.5142857143,0,3,55,70,69,1
-0.7285714285,8.5857142858,29.1428571428,,0.2142857143,0.3571428571,5.5857142858,24.3428571429,77.142857143,-1.4,-3.6857142857,0.3714285714,7.1571428572,8.4285714286,59.8571428571,-1.1142857143,3.5142857143,0,4,55,63.6666666667,68,-4.3333333333
-1.3285714285,8.5857142858,29.1428571428,,0.2571428571,0.2857142857,5.5857142858,24.3428571429,87.8571428572,-1.2714285714,-3.6857142857,0.2142857143,7.1571428572,8.4285714286,59.8571428571,-1.1142857143,3.5142857143,0,5,55,57.3333333333,78,-20.6666666667
-1.3285714285,8.5857142858,29.1428571428,,0.2571428571,0.1571428571,2.4142857143,24.3428571429,89.4285714287,-1.2714285714,-3.6857142857,0.1714285714,7.1571428572,8.4285714286,59.8571428571,-1.1142857143,3.5142857143,0,6,55,56.5555555556,78,-21.4444444444
-1.3285714285,8.5857142858,29.1428571428,,0.2571428571,0.1571428571,2.4142857143,24.3428571429,80.142857143,-1.1857142857,-3.6857142857,0.1714285714,7.1571428572,8.4285714286,59.8571428571,-1.1142857143,3.5142857143,0,7,55,53.1111111111,108,-54.8888888889
-1.3285714285,8.5857142858,29.1428571428,,0.2571428571,0.1285714286,2.4142857143,24.4142857143,76.2857142859,-1.1857142857,-3.6857142857,0.0571428571,7.1571428572,8.4285714286,59.8571428571,-1.1142857143,3.5142857143,0,8,55,49.6666666667,117,-67.3333333333
-1.3285714285,8.5857142858,29.1428571428,,0.2571428571,0.1,2.4142857143,24.3428571429,77.8571428574,-1.1857142857,-2.9571428571,0.0285714286,7.1571428572,8.4285714286,59.8571428571,-1.1,3.5142857143,0,9,55,57.4444444445,127,-69.5555555555
-1.3285714285,8.5857142858,29.1428571428,,0.2142857143,0.1,2.4142857143,24.4142857143,74.5714285717,-1.1857142857,-2.9571428571,0.0142857143,4.3285714286,8.4285714286,59.8571428571,-1.1,3.5142857143,0,10,55,65.2222222222,101,-35.7777777778
-1.3285714285,8.5857142858,29.1428571428,,0.2142857143,0.1,2.4142857143,24.4142857143,68.0000000003,-1.0714285714,-2.9571428571,0.0142857143,4.9285714286,8.4285714286,59.8571428571,-1.0714285715,3.5142857143,0,11,55,85.6666666667,136,-50.3333333333
-1.3285714285,8.5857142858,29.1428571428,,0.2142857143,0.1,2.4142857143,24.4142857143,70.285714286,-1.0714285714,-2.9571428571,0.0142857143,5.4428571429,8.4285714286,59.8571428571,-1.0714285715,3.5142857143,0,12,55,92,87,5
-1.3285714285,8.5857142858,29.1428571428,,0.2142857143,0.1,2.2142857143,24.4142857143,66.7142857145,-1.0857142857,-2.9571428571,0.0142857143,5.4428571429,8.4285714286,59.8571428571,-1.0714285715,3.5142857143,0,13,55,81.8333333333,91,-9.1666666667
-1.3285714285,8.5857142858,29.1428571428,,0.2571428571,0.0285714286,2.2142857143,24.4142857143,59.4285714288,-1.0857142857,-2.9571428571,0,5.4428571429,8.4285714286,59.8571428571,-1.0714285715,3.5142857143,0,14,55,59,92,-33
-1.3285714285,8.5857142858,29.1428571428,,0.2571428571,0.0285714286,2.2142857143,24.4142857143,55.7142857145,-1.0857142857,-2.9571428571,0,6.1,8.4857142857,59.8571428571,-1.0714285714,3.5142857143,0,15,55,42.5,70,-27.5
-1.3285714285,8.5857142858,29.1428571428,,0.2142857143,0.0285714286,2.2142857143,24.4142857143,39.8571428573,-1.0857142857,-2.9571428571,0,6.8285714286,8.4857142857,59.8571428571,-1.0714285714,3.5142857143,0,16,55,42.5,64,-21.5
-1.3285714285,8.3571428572,29.1428571428,,0.2142857143,0.0285714286,2.2142857143,24.2428571429,32.0000000001,-1.0857142857,-2.9571428571,0,6.8285714286,8.4857142857,59.8571428571,-1.0714285714,3.5142857143,0,17,55,80.3333333333,86,-5.6666666667
-1.3285714285,8.3571428572,29.1428571428,,0.1857142857,0.0285714286,2.2142857143,24.2428571429,25.0000000001,-1.0857142857,-2.9571428571,0,6.8285714286,8.4857142857,59.8571428571,-1.0714285714,3.5142857143,0,18,55,95.3333333333,64,31.3333333333
-1.3285714285,8.3571428572,29.1428571428,,0.1,0.0285714286,2.2142857143,24.2428571429,14.4285714286,-1.0857142857,-2.9571428571,0,6.8285714286,8.4857142857,59.8571428571,-1.0714285715,3.5142857143,0,19,55,111.5,71,40.5
-0.7285714285,8.3571428572,29.1428571428,,0.1,0.0285714286,2.2142857143,24.4857142857,16.2857142857,-1.0857142857,-2.9571428571,0,6.8285714286,8.4857142857,59.8571428571,-1.0714285715,3.5142857143,0,20,55,89.8333333333,80,9.8333333333
-0.7285714285,8.3571428572,29.1428571428,,0.1,0.0285714286,2.2142857143,24.4857142857,19.4285714286,-1.0857142857,-2.9571428571,0,6.8285714286,8.4857142857,59.8571428571,-1.0714285714,3.5142857143,0,21,55,80.1666666667,106,-25.8333333333
-0.7285714285,8.3571428572,29.1428571428,,0.1,0.0285714286,2.2142857143,24.4857142857,9,-1.0857142857,-2.9571428571,0,6.8285714286,8.4857142857,59.8571428571,-1.0714285714,3.5142857143,0,22,55,69.3333333333,89,-19.6666666667
-0.7285714285,8.3571428572,29.1428571428,,0.1,0.0285714286,2.2142857143,24.4857142857,4.8571428571,-1,-2.9571428571,0,6.8285714286,8.4857142857,59.8571428571,-1.0714285714,3.5142857143,0,23,55,107,93,14
-0.7285714285,8.3571428572,29.1428571428,,0.1,0.0285714286,2.2142857143,24.4857142857,4.2857142857,-1,-2.9571428571,0,6.8285714286,8.4857142857,59.8571428571,-1.0714285714,3.5142857143,0,24,55,133.333333333,116,17.3333333333
-0.7285714285,8.3571428572,29.1428571428,,0.1,0.0285714286,2.2142857143,24.4857142857,1.4285714285,-1,-2.9571428571,0,6.8285714286,8.4857142857,59.8571428571,-1.0714285714,3.5142857143,0,25,55,159.666666667,126,33.6666666667
-0.7285714285,8.3571428572,29.1428571428,,0.1,0.0285714286,2.2142857143,24.4857142857,4.4285714285,-1,-2.9571428571,0,6.8285714286,8.4857142857,59.8571428571,-1.0714285714,3.5142857143,0,26,55,146.666666667,136,10.6666666667
-0.7285714285,8.3571428572,29.1428571428,,0.1,0.0285714286,2.2142857143,24.5,11.5714285714,-1.0857142857,-2.9571428571,0,6.8285714286,8.4857142857,59.8571428571,-1.0571428571,3.5142857143,0,27,55,134.833333333,150,-15.1666666667
-0.7285714285,8.3571428572,29.1428571428,,0.0571428571,0.0285714286,2.2142857143,24.5,6.5714285714,-1.0857142857,-2.9571428571,0,6.8285714286,8.4857142857,59.8571428571,-1.0571428571,3.5142857143,0,28,55,133.833333333,161,-27.1666666667
-0.7285714285,8.3571428572,29.1428571428,,0.0571428571,0.0285714286,2.2142857143,24.5,11.7142857142,-1,-2.9571428571,0,6.8285714286,8.4857142857,59.8571428571,-1.0571428571,3.5142857143,0,29,55,123.666666667,176,-52.3333333333
-0.7285714285,8.3571428572,29.1428571428,,0.1,0.0285714286,2.2142857143,24.5,3.9999999999,-1,-2.9571428571,0,6.8285714286,8.4857142857,59.8571428571,-1.0571428571,3.5142857143,0,30,55,153,214,-61
-0.7285714285,8.3571428572,29.1428571428,,0.0571428571,0.0285714286,2.2142857143,24.5,1.8571428571,-1,-2.9571428571,0,6.8285714286,8.4857142857,59.8571428571,-1.0571428571,3.5142857143,0,31,55,149.166666667,244,-94.8333333333
-0.7285714285,8.3571428572,29.1428571428,,0.0571428571,0.0285714286,2.2142857143,24.5,0.5714285714,-1,-2.9571428571,0,6.8285714286,8.4857142857,59.8571428571,-1.0571428571,3.5142857143,0,32,55,152.5,244,-91.5
-0.7285714285,8.3571428572,29.1428571428,,0.0571428571,0.0285714286,2.2142857143,24.5,2.4285714285,-1,-2.9571428571,0,6.8285714286,8.4857142857,59.8571428571,-1.0571428571,3.5142857143,0,33,55,137.333333333,224,-86.6666666667
-0.7285714285,8.3571428572,29.1428571428,,0.0571428571,0.0285714286,2.2142857143,24.5,-2.1428571429,-1,-2.9571428571,0,6.8285714286,8.4857142857,59.8571428571,-1.0571428571,3.5142857143,0,34,55,176.666666667,232,-55.3333333333
-1.1428571429,8.3571428572,29.1428571428,,0.0571428571,0.0285714286,1.6857142857,24.5,-0.2857142858,-0.9857142857,-2.9571428571,0,6.8285714286,8.4857142857,59.8571428571,-1.0571428571,3.5142857143,0,35,55,208.833333333,239,-30.1666666667
-1.1428571429,8.3571428572,29.1428571428,,0.0571428571,0.0285714286,1.6857142857,24.5,-6.2857142858,-0.9857142857,-2.9571428571,0,6.8285714286,8.4857142857,59.8571428571,-1.0571428571,3.5142857143,0,36,55,237.833333333,242,-4.1666666667
-1.1428571429,8.3571428572,27.1428571428,,0.0428571428,0.0285714286,1.6857142857,24.5,-5.4285714287,-0.9857142857,-2.9571428571,0,6.8285714286,8.4857142857,59.8571428571,-1.0571428571,3.5142857143,0,37,55,234.666666667,234,0.6666666667
-1.1428571429,8.3571428572,27.1428571428,,0.0428571428,0.1,1.6857142857,24.5,-1.0000000001,-0.9857142857,-2.9571428571,0,6.8285714286,8.4857142857,59.8571428571,-1.0571428571,3.5142857143,0,38,55,326.666666667,237,89.6666666667
-1.1428571429,8.3571428572,27.1428571428,,0.0428571428,0.1,1.6857142857,24.5,-16.0000000002,-0.9857142857,-2.9571428571,0,6.8285714286,8.4857142857,59.8571428571,-1.0571428571,3.5142857143,0,39,55,343.833333333,224,119.833333333
-0.8571428571,8.3571428572,27.1428571428,,0.0428571428,0.1571428571,1.6857142857,24.5,-23.0000000003,-0.9857142857,-2.9571428571,0,6.8285714286,8.4857142857,59.8571428571,-1.0571428571,3.5142857143,0,40,55,348.666666667,181,167.666666667
-0.8571428571,8.3571428572,27.1428571428,,0.0428571428,0.1571428571,1.6857142857,24.4571428571,-58.1428571431,-0.9857142857,-2.9571428571,0.0142857143,6.8285714286,8.4857142857,59.8571428571,-1.0571428571,3.5142857143,0,41,55,255.333333333,185,70.3333333333
-0.8571428571,8.3571428572,27.1428571428,,0.1,0.2857142857,1.6857142857,24.4571428571,-87.7142857145,-0.9857142857,-2.9571428571,0.1571428571,6.8285714286,8.4857142857,59.8571428571,-1.0571428571,3.5142857143,0.0142857143,42,55,281.666666667,200,81.6666666667
-0.8571428571,8.3571428572,27.1428571428,,0.1,0.4285714286,1.6857142857,24.3,-104.714285715,-0.9857142857,-2.9571428571,0.1714285714,6.8285714286,8.4857142857,59.8571428571,-1.0571428571,3.5142857143,0.0285714286,43,55,366.333333333,241,125.333333333
-0.8571428571,8.3571428572,27.1428571428,,0.1,0.5142857143,1.6857142857,24.3,-108.571428572,-0.9428571428,-2.9571428571,0.2142857143,6.8285714286,8.4857142857,59.8571428571,-1.0571428571,3.5142857143,0.0714285714,44,55,454,238,216
-0.9285714285,8.3571428572,27.1428571428,,0.1,0.6428571429,1.3571428572,24.3,-101.142857143,-0.9428571428,-2.9571428571,0.2571428571,6.8285714286,8.4857142857,59.8571428571,-1.0571428571,3.5142857143,0.1,45,55,500,257,243
-1.1428571429,6.7285714286,27.1428571428,,0.1,0.7571428571,1.3571428572,24.3,-74.0000000001,-0.9428571428,-2.9571428571,0.3714285714,6.8285714286,6.8714285714,59.8571428571,-1.0571428571,3.5142857143,0.1285714286,46,55,510,276,234
-1.3285714285,6.7285714286,27.1428571428,,0.0428571428,0.8285714286,1.3571428572,24.3,-53.4285714287,-0.9428571428,-2.9571428571,0.5,6.7428571429,6.8714285714,59.8571428571,-0.9428571428,3.5142857143,0.2285714286,47,55,507.666666667,279,228.666666667
-1.3285714285,2.9571428572,26,8.1714285715,0.1,0.8285714286,1.3571428572,24.2428571429,-41.0000000002,-0.9428571428,-2.6428571429,0.5,6.7428571429,2.9,60.8571428571,-0.8714285714,3.5142857143,0.2285714286,48,55,500.5,292,208.5
-1.3285714285,2.9571428572,26,8.1714285715,0.0428571428,0.9,1.3571428572,24.2428571429,-34.5714285716,-0.9428571428,-2.6428571429,0.5,5.4285714286,2.9,60.8571428571,-0.8714285714,3.5142857143,0.2285714286,49,55,483.333333333,273,210.333333333
-1.3285714285,3.1285714286,22.5714285714,8.1714285715,0.1,0.8285714286,1.3571428572,24.2,-30.7142857145,-0.9428571428,-1.8571428571,0.3714285714,5.4285714286,2.9428571428,65.4285714286,-0.8571428571,2.5285714285,0.2285714286,50,55,497.666666667,259,238.666666667
-1.3285714285,5.4142857143,24.7142857142,8.1714285715,0.1,0.7571428571,1.3571428572,24.2,-40.1428571431,-0.9857142857,-2.1714285714,0.3714285714,5.2714285714,5.4285714286,61.5714285714,-0.8714285714,2.5285714285,0.1,51,55,442.166666667,196,246.166666667
-1.3285714285,6.5714285714,24.7142857142,8.1714285715,0.0428571428,0.7571428571,1.3571428572,24.2,-49.0000000002,-1,-2.1714285714,0.3714285714,5.2714285714,6.5,61.5714285714,-0.8714285714,2.4714285715,0.0714285714,0,56,342,116,226
-1.3285714285,6.5714285714,24.7142857142,8.1714285715,0.0428571428,0.7571428571,1.5285714286,23.8285714286,-42.0000000003,-1,-2.1714285714,0.2571428571,5.2714285714,6.5,61.5714285714,-0.8714285714,2.4714285715,0.0714285714,1,56,222.666666667,97,125.666666667
-1.3285714285,7.1571428572,27.8571428571,8.1714285715,0.0428571428,0.7571428571,1.5285714286,23.8,-61.5714285717,-1,-2.1714285714,0.1571428571,5.2714285714,6.9142857143,61.5714285714,-0.8714285714,2.4714285715,0.0714285714,2,56,185.666666667,79,106.666666667
-1.3285714285,7.1571428572,27.8571428571,8.1714285715,0.0428571428,0.8285714286,1.5285714286,23.7857142857,-50.1428571431,-1,-2.1714285714,0.2571428571,5.2714285714,6.9142857143,61.5714285714,-0.8714285714,2.8857142857,0.1857142857,3,56,193.333333333,69,124.333333333
-1.1428571429,7.1571428572,27.8571428571,8.1714285715,0.0285714286,0.9,1.5285714286,23.6857142857,-55.0000000002,-1,-2.1714285714,0.3571428571,5.2714285714,6.9142857143,61.5714285714,-0.8714285714,2.8857142857,0.2,4,56,168.333333333,68,100.333333333
-1.1428571429,7.1571428572,27.8571428571,8.1714285715,0.0428571428,0.9,1.5285714286,23.6428571429,-56.2857142859,-1,-2.1714285714,0.3571428571,5.2714285714,6.9142857143,61.5714285714,-0.8714285714,2.8857142857,0.2,5,56,135.666666667,78,57.6666666667
-1.1428571429,7.1571428572,27.8571428571,8.1714285715,0.0428571428,0.9,1.5285714286,23.5285714286,-56.7142857144,-1,-2.1714285714,0.3571428571,5.2714285714,6.9142857143,61.5714285714,-0.8714285714,2.8857142857,0.2,6,56,132.333333333,78,54.3333333333
-1.1428571429,7.1571428572,27.8571428571,8.1714285715,0.0285714286,0.8285714286,1.5285714286,23.5142857143,-66.4285714286,-1,-2.1714285714,0.3571428571,5.2714285714,6.9142857143,61.5714285714,-0.8714285714,2.8857142857,0.2,7,56,213.333333333,108,105.333333333
-1.1428571429,7.1571428572,27.8571428571,8.1714285715,0.0428571428,0.8285714286,1.5285714286,23.4714285714,-72.2857142858,-0.9857142857,-2.1714285714,0.3714285714,5.2714285714,6.9142857143,61.5714285714,-0.8714285714,2.8857142857,0.2,8,56,294.333333333,117,177.333333333
-1.1428571429,7.1571428572,27.8571428571,5.4428571428,0.0285714286,0.8285714286,1.5285714286,23.4714285714,-72.0000000001,-0.9857142857,-2.1714285714,0.3571428571,5.2714285714,6.9142857143,61.5714285714,-0.8714285714,2.8857142857,0.2,9,56,346,127,219
-1.1428571429,7.0428571429,27.8571428571,5.4428571428,0.0285714286,0.8285714286,1.5285714286,23.4,-72.5714285715,-0.9857142857,-2.1714285714,0.3142857143,5.2714285714,6.5571428572,61.5714285714,-0.8714285714,2.8857142857,0.2,10,56,294.444444444,101,193.444444444
-1.1428571429,7.0428571429,27.8571428571,5.4428571428,0.0285714286,0.8285714286,1.5285714286,23.4,-67.2857142858,-0.9857142857,-2.1714285714,0.3142857143,5.2714285714,6.5571428572,61.5714285714,-0.8714285714,2.8857142857,0.2,11,56,242.888888889,136,106.888888889
-1.1428571429,7.0428571429,27.8571428571,5.4428571428,0.0428571428,0.7571428571,1.5285714286,23.4,-67.2857142858,-0.9428571428,-2.1714285714,0.3142857143,5.2714285714,6.5,61.5714285714,-0.8571428571,2.8857142857,0.1857142857,12,56,191.333333333,87,104.333333333
-1.1428571429,7.0428571429,27.8571428571,5.0142857144,0.0428571428,0.6142857143,1.5285714286,23.4,-78.5714285715,-0.9285714285,-2.1714285714,0.2571428571,5.2714285714,6.5,61.5714285714,-0.8571428571,2.8857142857,0.0714285714,13,56,203.555555556,91,112.555555556
-1.1428571429,7.0428571429,27.8571428571,5.0142857144,0.0428571428,0.6142857143,1.5285714286,23.3714285714,-84.8571428573,-0.9428571428,-2.1714285714,0.2571428571,4.8,6.5,61.5714285714,-0.9428571428,2.8857142857,0.0714285714,14,56,182.777777778,92,90.7777777778
-1.3285714286,7.0428571429,27.8571428571,5.0142857144,0.0285714286,0.6857142857,1.5285714286,23.2285714286,-80.5714285716,-0.9428571428,-2.1714285714,0.2571428571,4.8,6.5,61.5714285714,-0.9428571428,2.8857142857,0.0714285714,15,56,162,70,92
-1.6857142857,6.7285714286,27.8571428571,5.0142857144,0.0428571428,0.6857142857,1.5285714286,23.2285714286,-79.2857142858,-0.9428571428,-2.1714285714,0.2285714286,4.8,6.7,61.5714285714,-0.8571428571,2.8857142857,0.0714285714,16,56,130.958333333,64,66.9583333333
-1.6857142857,6.7285714286,27.8571428571,5.0142857144,0.1285714286,0.6857142857,1.7428571429,23.3571428571,-73.7142857143,-0.9428571428,-2.1714285714,0.2285714286,4.8,6.7,61.5714285714,-0.8571428571,2.8857142857,0.1285714286,17,56,132.916666667,86,46.9166666667
-1.6857142857,7.2714285715,27.8571428571,5.0142857144,0.1285714286,0.6857142857,1.7428571429,23.3714285714,-73.0000000001,-0.9428571428,-2.1714285714,0.2285714286,4.8,7.0285714286,61.5714285714,-0.8,2.8857142857,0.1285714286,18,56,134.875,64,70.875
-1.6857142857,7.2714285715,27.8571428571,5.0142857144,0.1285714286,0.7571428571,1.7428571429,23.3714285714,-79.1428571429,-0.9428571428,-2.1714285714,0.2285714286,4.8,7.0285714286,61.5714285714,-0.8,2.8857142857,0.1285714286,19,56,134.875,71,63.875
-1.6857142857,7.2714285715,27.8571428571,5.0142857144,0.0285714286,0.7571428571,1.7428571429,23.4,-84,-1.1428571428,-2.1714285714,0.2285714286,4.8,7.0285714286,61.5714285714,-0.8,2.8857142857,0.1285714286,20,56,134.875,80,54.875
-1.6857142857,7.2714285715,27.8571428571,5.0142857144,0.1857142857,0.7571428571,1.7428571429,23.3714285714,-89.1428571429,-1.1428571428,-2.1714285714,0.2285714286,4.8,7.0285714286,61.5714285714,-0.8,2.8857142857,0.1857142857,21,56,134.875,106,28.875
-1.6857142857,7.2714285715,27.8571428571,5.0142857144,0.1857142857,0.7571428571,1.7428571429,23.4,-91.1428571428,-0.9428571428,-2.1714285714,0.2285714286,4.8,7.0285714286,61.5714285714,-0.8,2.8857142857,0.1857142857,22,56,134.875,89,45.875
-1.6857142857,7.2714285715,27.8571428571,5.0142857144,0.1857142857,0.7571428571,1.7428571429,23.4571428571,-83.5714285714,-0.9428571429,-2.1714285714,0.2285714286,4.8,7.0285714286,61.5714285714,-0.8,2.8857142857,0.1857142857,23,56,134.875,93,41.875
-1.6857142857,7.2714285715,27.8571428571,5.0142857144,0.3571428571,0.7571428571,1.7428571429,23.5,-82.5714285714,-0.9428571429,-2.1714285714,0.2285714286,4.8,7.0285714286,61.5714285714,-0.8,2.8857142857,0.1857142857,24,56,161.583333333,116,45.5833333333
-1.6857142857,7.2714285715,27.8571428571,5.0142857144,0.1857142857,0.6857142857,1.7428571429,23.5,-89.5714285714,-0.9428571429,-2.1714285714,0.2285714286,4.8,7.0285714286,61.5714285714,-0.8,2.8857142857,0.1857142857,25,56,188.291666667,126,62.2916666667
-1.6857142857,7.2714285715,27.8571428571,5.0142857144,0.1857142857,0.6857142857,1.7428571429,23.5,-88.9999999999,-0.9428571429,-2.1714285714,0.2285714286,4.8,7.0285714286,61.5714285714,-0.7571428572,2.8857142857,0.1857142857,26,56,234.833333333,136,98.8333333333
-1.6857142857,7.2714285715,27.8571428571,5.0142857144,0.1857142857,0.6857142857,1.7428571429,23.5,-89.5714285713,-0.9428571429,-2.1714285714,0.2285714286,4.8,7.0285714286,61.5714285714,-0.7571428572,2.8857142857,0.1857142857,27,56,254.666666667,150,104.666666667
-1.6857142857,7.2714285715,27.8571428571,5.0142857144,0.0714285714,0.6857142857,1.7428571429,23.5,-81.2857142857,-0.9428571429,-2.1714285714,0.2285714286,4.8,7.0285714286,61.5714285714,-0.7571428572,2.8857142857,0.1857142857,28,56,279.666666667,161,118.666666667
-1.6857142857,7.2714285715,27.8571428571,5.0142857144,0.0714285714,0.6857142857,1.7428571429,23.5,-79.8571428572,-0.9428571429,-2.1714285714,0.2285714286,4.8,7.0285714286,61.5714285714,-0.7571428572,2.8857142857,0.1857142857,29,56,334.833333333,176,158.833333333
-1.6857142857,7.2714285715,27.8571428571,5.0142857144,0.0714285714,0.6857142857,1.7428571429,23.5,-84.5714285715,-0.9428571429,-2.1714285714,0.2285714286,4.8,7.0285714286,61.5714285714,-0.7571428572,2.8857142857,0.1857142857,30,56,382.666666667,214,168.666666667
-1.6857142857,7.2714285715,27.8571428571,5.0142857144,0.1857142857,0.6857142857,1.7428571429,23.5,-88.2857142859,-0.9428571429,-2.1714285714,0.2285714286,4.8,7.0285714286,61.5714285714,-0.7571428572,2.8857142857,0.1857142857,31,56,389.666666667,244,145.666666667
-1.6857142857,7.2714285715,27.8571428571,5.0142857144,0.1857142857,0.6857142857,1.7428571429,23.5,-95.0000000002,-0.9428571429,-2.1714285714,0.2285714286,4.8,7.0285714286,61.5714285714,-0.7571428572,2.8857142857,0.1857142857,32,56,412.333333333,244,168.333333333
-1.6857142857,7.2714285715,27.8571428571,5.0142857144,0.1857142857,0.6857142857,1.7428571429,23.5,-112.142857143,-0.9428571429,-2.1714285714,0.2285714286,4.7428571429,7.0285714286,61.5714285714,-0.7285714286,2.8857142857,0.1857142857,33,56,437,224,213
-1.6857142857,7.2714285715,27.5714285714,5.0142857144,0.1857142857,0.6857142857,1.7428571429,23.5,-136.571428572,-0.9428571429,-2.1714285714,0.2285714286,4.7428571429,7.0285714286,61.5714285714,-0.7285714286,2.8857142857,0.1857142857,34,56,497.333333333,232,265.333333333
-1.6857142857,7.2714285715,27.1428571429,5.0142857144,0.1857142857,0.6857142857,1.7428571429,23.5,-155.857142857,-1.0571428571,-2.1714285714,0.2285714286,4.7428571429,7.0285714286,61.5714285714,-0.7285714286,2.8857142857,0.1857142857,35,56,492,239,253
-1.6857142857,7.2714285715,27.5714285714,5.0142857144,0.1,0.6857142857,1.7428571429,23.5,-147.857142857,-1.1428571428,-2.5285714286,0.2285714286,5.1,7.0285714286,61.5714285714,-0.8,2.8857142857,0.1857142857,36,56,477,242,235
-2.0714285715,7.2714285715,27.5714285714,5.0142857144,0.0714285714,0.6857142857,1.7571428572,23.5,-144.714285715,-1.1428571428,-2.5285714286,0.2285714286,5.8142857143,7.0285714286,61.5714285714,-0.8,2.8857142857,0.1857142857,37,56,539,234,305
-2.0714285715,7.2714285715,27.5714285714,5.0142857144,0.1,0.6857142857,1.8,23.5,-142.142857143,-1.0571428571,-2.5285714286,0.2285714286,5.8142857143,7.0285714286,61.5714285714,-0.8,2.8857142857,0.1857142857,38,56,505.666666667,237,268.666666667
-2.0714285715,7.2714285715,27.5714285714,5.0142857144,0.0714285714,0.6857142857,1.8,23.5,-125.714285714,-1.1428571428,-2.5285714286,0.2285714286,5.8142857143,7.0285714286,61.5714285714,-0.9857142857,2.8857142857,0.1857142857,39,56,436.666666667,224,212.666666667
-2.0714285715,7.2714285715,27.5714285714,5.0142857144,0.1,0.6857142857,1.8,23.5,-133.571428572,-1.1428571428,-2.5285714286,0.2285714286,5.8142857143,7.0285714286,61.5714285714,-0.9857142857,2.8857142857,0.1857142857,40,56,305.666666667,181,124.666666667
-2.2285714286,7.2714285715,27.5714285714,5.0142857144,0.1,0.6857142857,1.8,23.5,-92.7142857144,-1.1428571428,-2.5285714286,0.2285714286,5.8142857143,7.0285714286,61.5714285714,-0.9857142857,2.8857142857,0.1857142857,41,56,328.666666667,185,143.666666667
-2.2285714286,7.2714285715,27.5714285714,5.0142857144,0.1857142857,0.6857142857,1.8571428571,23.5,-78.7142857144,-1.1428571428,-2.5285714286,0.2285714286,5.8142857143,7.0285714286,61.5714285714,-0.9857142857,2.8857142857,0.1857142857,42,56,354.5,200,154.5
-2.2285714286,7.2714285715,27.5714285714,5.0142857144,0.1428571428,0.6857142857,2.7857142858,23.5,-70.8571428572,-1.1428571428,-2.5285714286,0.0857142857,5.8142857143,7.0285714286,61.5714285714,-0.9857142857,2.8857142857,0.1285714286,43,56,365.333333333,241,124.333333333
-2.2857142857,7.2714285715,27.5714285714,4.9,0.1428571428,0.6857142857,2.7857142858,23.5,-62.2857142858,-1.1571428572,-2.5285714286,0.0857142857,5.8142857143,7.0285714286,61.5714285714,-0.9857142857,2.8857142857,0.1285714286,44,56,322.333333333,238,84.3333333333
-2.2857142857,7.2714285715,27.5714285714,4.9,0.1428571428,0.8,2.7857142858,23.5,-45.8571428572,-1.1571428572,-2.5285714286,0.0857142857,5.8142857143,7.0285714286,61.5714285714,-0.9857142857,2.8857142857,0.1857142857,45,56,341.833333333,257,84.8333333333
-2.2857142857,7.2714285715,27.5714285714,4.8857142857,0.1428571428,0.8714285714,2.7857142858,23.5,-42.4285714287,-1.1428571428,-2.5285714286,0.2285714286,5.8142857143,7.0285714286,61.5714285714,-0.9857142857,2.8857142857,0.2,46,56,400.333333333,276,124.333333333
-2.2857142857,7.2714285715,27.5714285714,4.0999999999,0.1428571428,0.8714285714,2.7857142858,23.5,-49.7142857144,-1.0571428571,-2.5285714286,0.3142857143,5.8142857143,7.0285714286,61.5714285714,-0.9857142857,2.8857142857,0.2,47,56,384.333333333,279,105.333333333
-2.2857142857,7.5142857143,27.5714285714,4.7000000001,0.1,0.8714285714,2.7857142858,23.5,-54.8571428572,-1.1571428572,-2.5285714286,0.3142857143,6.0857142858,7.1714285714,62.4285714286,-1.0285714286,2.8857142857,0.2,48,56,398.333333333,292,106.333333333
-2.2857142857,7.5142857143,27.5714285714,4.7000000001,0.1428571428,0.8714285714,2.7857142858,23.5,-49.7142857144,-1.1571428572,-2.5285714286,0.3142857143,6.0857142858,7.1714285714,62.4285714286,-1.0285714286,2.8857142857,0.2,49,56,349.666666667,273,76.6666666667
-2.3857142857,10.4571428572,27.5714285714,9.1285714286,0.1,0.8,2.7857142858,23.4571428571,-56.142857143,-1.1857142857,-4.6428571429,0.3142857143,8.9571428572,9.9571428571,62.4285714286,-1.0285714286,2.8857142857,0.2,50,56,300,259,41
-2.7714285714,11.2,27.5714285714,9.1285714286,0.1,0.6857142857,2.7857142858,23.4428571429,-49.4285714287,-1.1857142857,-4.6428571429,0.3142857143,8.9571428572,10.3142857143,63.7142857143,-0.9857142857,2.8857142857,0.2,51,56,205.666666667,196,9.6666666667
-2.7714285714,11.2,27.5714285714,9.1285714286,0.1,0.6857142857,3.3857142857,23.4428571429,-35.142857143,-1.1857142857,-4.6428571429,0.3142857143,8.9571428572,10.3142857143,63.7142857143,-0.9857142857,2.8857142857,0.1285714286,0,57,106.5,116,-9.5
-2.7714285714,11.2,27.5714285714,9.1285714286,0.1428571428,0.6857142857,3.3857142857,23.3571428571,-38.2857142858,-1.1857142857,-4.6428571429,0.2285714286,8.9571428572,10.3142857143,63.7142857143,-0.9857142857,2.2428571428,0.1,1,57,78,97,-19
-3.3714285715,12.3285714286,34.2857142857,9.1285714286,0.1428571428,0.6857142857,3.3857142857,23.3571428571,-41.0000000001,-1.3857142857,-4.6428571429,0.0857142857,8.9571428572,11.3857142857,57.4285714286,-1.0285714286,2.2428571428,0.1,2,57,55.2222222222,79,-23.7777777778
-3.3714285715,12.3285714286,34.2857142857,9.1285714286,0.1,0.5,3.3857142857,23.3428571429,-66.8571428572,-1.3857142857,-4.6428571429,0.0857142857,8.9571428572,11.3857142857,57.4285714286,-1.0285714286,2.2428571428,0.1,3,57,60.9444444445,69,-8.0555555555
-3.3714285715,12.3285714286,34.2857142857,9.1285714286,0.1428571428,0.5,3.3857142857,23.0571428571,-64.5714285715,-1.3857142857,-4.6428571429,0.0142857143,8.9571428572,11.3857142857,57.4285714286,-1.0285714286,4.2428571429,0.1,4,57,66.6666666667,68,-1.3333333333
-3.3714285715,12.3285714286,34.2857142857,9.1285714286,0.1428571428,0.2285714286,3.3857142857,23,-62.7142857143,-1.3857142857,-4.6428571429,0.0142857143,8.9571428572,11.3857142857,57.4285714286,-1.0285714286,4.2428571429,0.0571428571,5,57,75.2777777778,78,-2.7222222222
-3.3714285715,12.3285714286,34.2857142857,9.1285714286,0.1428571428,0.2285714286,3.3857142857,23,-47.2857142858,-1.3857142857,-4.6428571429,0.0142857143,8.9571428572,11.3857142857,57.4285714286,-1.0285714286,4.2428571429,0.0571428571,6,57,83.8888888889,78,5.8888888889
-3.3714285715,12.3285714286,34.2857142857,9.1285714286,0.1,0.2285714286,3.3857142857,23,-32.0000000001,-1.3857142857,-4.6428571429,0.0142857143,8.9571428572,11.3857142857,57.4285714286,-1.0285714286,4.2428571429,0.0571428571,7,57,99.6666666667,108,-8.3333333333
-3.3714285715,12.3285714286,34.2857142857,9.1285714286,0.1428571428,0.2285714286,3.3857142857,23,-19.0000000001,-1.3857142857,-4.6428571429,0,8.9571428572,11.3857142857,57.4285714286,-1.0285714286,4.2428571429,0,8,57,106.833333333,117,-10.1666666667
-3.3714285715,12.3285714286,34.2857142857,9.1285714286,0.1857142857,0.0857142857,3.3857142857,23,-8.7142857144,-1.1857142857,-4.6428571429,0,8.9571428572,11.3857142857,57.4285714286,-1.0285714286,4.2428571429,0,9,57,86.5,127,-40.5
-3.3714285715,12.3285714286,34.2857142857,8.8857142858,0.2428571429,0,3.3857142857,23.0571428571,-7.5714285715,-1.1857142857,-4.6428571429,0,8.9571428572,11.3857142857,57.4285714286,-1.0285714286,4.2428571429,0,10,57,59,101,-42
-3.3714285715,12.3285714286,34.2857142857,8.8857142858,0.1857142857,0,3.3857142857,23.3428571429,-6.2857142858,-1.1857142857,-4.6428571429,0,8.9571428572,11.3857142857,57.4285714286,-1.0285714286,4.2428571429,0,11,57,42.5,136,-93.5
-3.3714285715,12.3285714286,34.2857142857,8.8857142858,0.1857142857,0,3.3857142857,23.3571428571,1.9999999999,-1.1857142857,-4.6428571429,0,8.9571428572,11.3857142857,57.4285714286,-1.0285714286,4.2428571429,0,12,57,53.5,87,-33.5
-3.3714285715,12.0571428571,34.2857142857,8.8857142858,0.1857142857,0,3.3857142857,23.3571428571,11.9999999999,-1.1857142857,-4.6428571429,0,8.9571428572,11.1285714286,57.4285714286,-0.9857142857,4.2428571429,0,13,57,59,91,-32
-3.3714285715,11.9142857143,34.2857142857,8.8857142858,0.2428571429,0,3.3857142857,23.3571428571,21.1428571428,-1.1857142857,-4.6428571429,0,8.9571428572,10.9714285714,57.4285714286,-0.9857142857,4.2428571429,0,14,57,49.5,92,-42.5
-3.3714285715,11.9142857143,34.2857142857,8.8857142858,0.2714285715,0,3.3857142857,23.3571428571,26.1428571429,-1.1571428572,-4.6428571429,0,9.4428571429,11.0428571428,57.4285714286,-0.9857142857,4.2428571429,0,15,57,37,70,-33
-3.3714285715,12.2857142857,34.2857142857,8.2571428571,0.3428571429,0,3.3857142857,23.4428571429,31.1428571429,-1.1571428572,-4.6428571429,0,9.4428571429,11.5571428571,57.4285714286,-0.9857142857,4.2428571429,0,16,57,38.6666666667,64,-25.3333333333
-3.3714285715,12.2857142857,34.2857142857,8.2571428571,0.3428571429,0,3.3857142857,23.4571428571,38.8571428572,-1.2285714285,-4.6428571429,0,9.4428571429,11.5571428571,57.4285714286,-1.0285714286,4.2428571429,0,17,57,37.8333333333,86,-48.1666666667
-3.3714285715,12.2857142857,34.2857142857,8.2571428571,0.3428571429,0,3.3857142857,23.8714285714,38.0000000001,-1.2285714285,-4.6428571429,0,9.4428571429,11.5571428571,57.4285714286,-1.0285714286,4.2428571429,0,18,57,40,64,-24
-3.3714285715,12.2857142857,34.2857142857,8.2571428571,0.3428571429,0,3.3857142857,23.8714285714,36.7142857144,-1.2285714285,-4.6428571429,0,9.4428571429,11.5571428571,57.4285714286,-0.9857142857,4.2428571429,0,19,57,34.6666666667,71,-36.3333333333
-3.3714285715,12.2857142857,34.2857142857,8.8,0.3428571429,0,3.3857142857,23.8714285714,32.8571428573,-1.2285714285,-4.6428571429,0,9.4428571429,11.5571428571,57.4285714286,-0.9857142857,4.2428571429,0,20,57,38.1666666667,80,-41.8333333333
-3.3714285715,12.2857142857,34.2857142857,8.8,0.3428571429,0,3.3857142857,24.0428571429,40.2857142859,-1.2285714285,-4.6428571429,0,9.4428571429,11.5571428571,57.4285714286,-0.9857142857,4.2428571429,0,21,57,42.3333333333,106,-63.6666666667
-3.3714285715,12.2857142857,34.2857142857,8.8,0.3428571429,0,3.3857142857,24.0857142857,47.0000000001,-1.3857142857,-4.6428571429,0,9.4428571429,11.5571428571,57.4285714286,-1.0285714286,4.2428571429,0,22,57,41.3333333333,89,-47.6666666667
-3.3714285715,12.2857142857,34.2857142857,8.8,0.4714285714,0,3.3857142857,24.1,36.5714285716,-1.3857142857,-4.6428571429,0,9.4428571429,11.5571428571,57.4285714286,-1.0285714286,4.2428571429,0,23,57,48.3333333333,93,-44.6666666667
-3.3714285715,12.2857142857,34.2857142857,8.8,0.4714285714,0,3.3857142857,24.1,34.5714285716,-1.3857142857,-4.6428571429,0,9.4428571429,11.5571428571,57.4285714286,-1.0285714286,4.2428571429,0,24,57,41.3333333333,116,-74.6666666667
-3.3714285715,12.2857142857,34.2857142857,8.8,0.4714285714,0,3.3857142857,24.1,39.0000000001,-1.3857142857,-4.6428571429,0,9.4428571429,11.5571428571,57.4285714286,-1.0285714286,4.2428571429,0,25,57,48.3333333333,126,-77.6666666667
-3.3714285715,12.2857142857,34.2857142857,8.8,0.3428571429,0,3.3857142857,24.1,32.142857143,-1.3857142857,-4.6428571429,0,9.4428571429,11.5571428571,57.4285714286,-1.0285714286,4.2428571429,0,26,57,41.3333333333,136,-94.6666666667
-3.3714285715,12.2857142857,34.2857142857,8.8,0.3428571429,0,3.3857142857,24.1,41.2857142858,-1.3857142857,-4.6428571429,0,9.4428571429,11.5571428571,57.4285714286,-1.1571428572,4.2428571429,0,27,57,56,150,-94
-3.3714285715,12.2857142857,34.2857142857,8.8,0.4714285714,0,3.3857142857,24.1,25.7142857144,-1.3857142857,-4.6428571429,0,9.4428571429,11.5571428571,57.4285714286,-1.1571428572,4.2428571429,0,28,57,66.6666666667,161,-94.3333333333
-3.3714285715,12.2857142857,34.2857142857,8.8,0.3428571429,0,3.3857142857,24.1,14.2857142859,-1.3857142857,-4.6428571429,0,9.4428571429,11.5571428571,57.4285714286,-1.1571428572,4.2428571429,0,29,57,84,176,-92
-3.3714285715,12.2857142857,34.2857142857,8.8,0.3428571429,0,3.3857142857,24.1,22.0000000002,-1.3857142857,-4.6428571429,0,9.4428571429,11.5571428571,57.4285714286,-1.1571428572,4.2428571429,0,30,57,89.6666666667,214,-124.333333333
-3.3714285715,12.2857142857,34.2857142857,8.8,0.3428571429,0,3.3857142857,24.1,15.0000000002,-1.2285714285,-4.6428571429,0,9.4428571429,11.5571428571,57.4285714286,-1.1571428572,4.2428571429,0,31,57,81.3333333333,244,-162.666666667
-3.3714285715,12.2857142857,34.2857142857,8.8,0.4714285714,0,3.3857142857,24.1,0.2857142859,-1.2285714285,-4.6428571429,0,9.4428571429,11.5571428571,57.4285714286,-1.1571428572,4.2428571429,0,32,57,78.3333333333,244,-165.666666667
-3.3714285715,12.2857142857,32.8571428572,8.8,0.3428571429,0,3.3857142857,24.1857142857,12.2857142859,-1.3857142857,-4.6428571429,0,9.4428571429,11.5571428571,57.4285714286,-1.1571428572,4.2428571429,0,33,57,77.6666666667,224,-146.333333333
-3.3714285715,12.2857142857,32.5714285714,8.8,0.3428571429,0,3.3857142857,24.1857142857,34.1428571431,-1.3857142857,-4.6428571429,0,9.4428571429,11.5571428571,57.4285714286,-1.1571428572,4.2428571429,0,34,57,114.666666667,232,-117.333333333
-3.3714285715,12.2857142857,32.5714285714,8.8,0.3142857143,0,3.3857142857,24.1857142857,45.5714285717,-1.3857142857,-4.6428571429,0,9.4428571429,11.5571428571,57.4285714286,-1.1571428572,4.2428571429,0,35,57,143.333333333,239,-95.6666666667
-3.3714285715,12.2857142857,32,8.8,0.3428571429,0,3.3857142857,24.1857142857,30.1428571432,-1.2285714285,-4.6428571429,0,9.4428571429,11.5571428571,57.4285714286,-1.1571428572,4.2428571429,0,36,57,173,242,-69
-3.3714285715,12.2857142857,32,9.6571428571,0.4714285714,0,3.3857142857,24.1857142857,25.7142857146,-1.2285714285,-4.6428571429,0,9.4428571429,11.5571428571,57.4285714286,-1.1571428572,4.2428571429,0,37,57,164.166666667,234,-69.8333333333
-3.3714285715,12.2857142857,32,9.6571428571,0.4714285714,0,3.3857142857,24.3428571429,29.285714286,-1.3857142857,-4.6428571429,0,9.4428571429,11.5571428571,57.4285714286,-1.1571428572,4.2428571429,0,38,57,155.333333333,237,-81.6666666667
-3.3714285715,12.2857142857,32,9.6571428571,0.4714285714,0,3.3857142857,24.3428571429,24.0000000003,-1.2285714285,-4.6428571429,0,9.4428571429,11.5571428571,57.4285714286,-1.1571428572,4.2428571429,0,39,57,162.666666667,224,-61.3333333333
-3.3714285715,12.2857142857,32,9.6571428571,0.3428571429,0,3.3857142857,24.3428571429,30.285714286,-1.2285714285,-4.6428571429,0,9.4428571429,11.5571428571,57.4285714286,-1.1571428572,4.2428571429,0,40,57,142.833333333,181,-38.1666666667
-3.3714285715,12.2857142857,32,9.6571428571,0.4857142857,0,3.3857142857,24.3428571429,17.7142857146,-1.2285714285,-4.6428571429,0,9.4428571429,11.5571428571,57.4285714286,-1.1571428572,4.2428571429,0,41,57,151.333333333,185,-33.6666666667
-3.3714285715,12.2857142857,33.5714285714,9.6571428571,0.4857142857,0,3.3857142857,24.3428571429,48.1428571431,-1.3857142857,-4.6428571429,0,9.4428571429,11.5571428571,57.4285714286,-1.1571428572,4.2428571429,0,42,57,128.166666667,200,-71.8333333333
-3.3714285715,12.2857142857,33.5714285714,9.6571428571,0.4857142857,0,3.3857142857,24.3428571429,58.7142857145,-1.2285714285,-4.6428571429,0,9.4428571429,11.5571428571,57.4285714286,-1.1571428572,4.2428571429,0,43,57,141,241,-100
-3.3714285715,12.2857142857,33.5714285714,9.6571428571,0.4285714286,0,3.3857142857,24.3428571429,59.4285714287,-1.2285714285,-4.6428571429,0,9.4428571429,11.5571428571,57.4285714286,-1.1571428572,4.2428571429,0,44,57,116,238,-122
-3.3714285715,12.2857142857,33.5714285714,9.6571428571,0.4285714286,0,3.1714285714,24.3428571429,40.8571428573,-1.1,-4.6428571429,0,9.4428571429,11.5571428571,57.4285714286,-1.1571428572,4.2428571429,0,45,57,144.833333333,257,-112.166666667
-3.3714285715,12.2857142857,33.5714285714,9.6571428571,0.4285714286,0,3.1714285714,24.3428571429,20.142857143,-1.1,-4.6428571429,0,9.4428571429,11.5571428571,57.4285714286,-1.1571428572,4.2428571429,0,46,57,173.666666667,276,-102.333333333
-3.3714285715,12.2857142857,33.5714285714,7.7428571428,0.4285714286,0,3.1714285714,24.3428571429,20.142857143,-1.1,-4.6428571429,0,9.4428571429,11.5571428571,57.4285714286,-1.1428571428,4.2428571429,0,47,57,190.333333333,279,-88.6666666667
-3.3714285715,12.2857142857,33.5714285714,6.9571428571,0.3571428571,0,3.1714285714,24.3428571429,21.7142857144,-1.1,-4.6428571429,0,8.7428571429,11.5571428571,57.4285714286,-1.1428571428,4.2428571429,0,48,57,206.666666667,292,-85.3333333333
-2.5142857143,10.9714285714,33.5714285714,6.9571428571,0.3571428571,0,1.3571428571,24.1857142857,14.0000000001,-1.1,-4.0285714286,0,8.6857142857,10.9285714285,57.4285714286,-0.9857142857,4.2428571429,0,49,57,223,273,-50
-2.3571428571,8.8714285714,33.5714285714,6.9571428571,0.3571428571,0,1.3571428571,24.0428571429,16.0000000001,-1.2285714285,-4.0285714286,0,8.6857142857,9.1285714285,57.4285714286,-1.1428571428,4.2428571429,0,50,57,265.666666667,259,6.6666666667
-2.3571428571,8.8714285714,27.5714285714,8.3428571429,0.3571428571,0.0142857143,1.3571428571,24.0285714286,14.2857142858,-1.2285714285,-4.0285714286,0,8.6857142857,9.1285714285,59.5714285714,-1.1428571428,4.2428571429,0,51,57,203.666666667,196,7.6666666667
-2.3571428571,8.8714285714,26.8571428571,6.5857142858,0.3571428571,0.0142857143,1.6,24.0285714286,21.4285714286,-1.2285714285,-4.0285714286,0,7.2142857143,9.1285714285,59.5714285714,-1.1428571428,4.2428571429,0,7,59,234.666666667,108,126.666666667
-2.2,8.8714285714,30,6.5857142858,0.3428571429,0,1.6,24.0285714286,21.1428571429,-1.2285714285,-3.4285714286,0,7.2142857143,9.1285714285,57.1428571429,-0.9857142857,4.2428571429,0,8,59,209.333333333,117,92.3333333333
-2.2,8.8714285714,30,8.2428571429,0.3571428571,0,1.6,24.0285714286,46.8571428572,-1.2285714285,-3.4285714286,0,7.2142857143,9.1285714285,57.1428571429,-0.9857142857,3.4285714286,0,9,59,169,127,42
-2.2,8.8714285714,30,8.5142857144,0.3571428571,0,1.6,24.0285714286,70.8571428572,-1.2285714285,-3.4285714286,0,7.2142857143,9.1285714285,57.1428571429,-0.9857142857,3.4285714286,0,10,59,163.333333333,101,62.3333333333
-2.2,8.8714285714,30,7.4000000001,0.3571428571,0,1.6,24.0285714286,74.7142857143,-1.2285714285,-3.4285714286,0,7.2142857143,9.1285714285,57.1428571429,-0.9857142857,3.4285714286,0,11,59,146,136,10
-2.2,8.8714285714,30,7.4000000001,0.3428571429,0.0142857143,1.6,24.0285714286,75.4285714286,-1.2285714285,-3.4285714286,0,7.2142857143,9.1285714285,57.1428571429,-0.9857142857,3.4285714286,0,12,59,133.333333333,87,46.3333333333
-1.9857142857,8.8714285714,30,7.4000000001,0.3571428571,0,1.6,24.5714285714,73.8571428571,-1.2285714285,-3.4285714286,0,7.2142857143,9.1285714285,57.1428571429,-0.9857142857,3.4285714286,0,13,59,121,91,30
-1.9857142857,8.8714285714,30,7.4000000001,0.3571428571,0,2.4142857143,24.6571428571,74.4285714284,-1.2285714285,-3.4285714286,0,7.9,9.1285714285,57.1428571429,-0.9857142857,3.4285714286,0,14,59,98.5,92,6.5
-1.9857142857,9.2428571428,30,7.4000000001,0.4,0,2.4142857143,24.7,72.9999999998,-1.2285714285,-3.4285714286,0,7.9,9.1285714285,57.1428571429,-0.9857142857,3.4285714286,0,15,59,75,70,5
-1.9857142857,9.9285714286,30,7.3571428572,0.4,0,2.4142857143,25.0142857143,75.7142857141,-1.2285714285,-3.4285714286,0,7.9,9.6285714285,57.1428571429,-0.9857142857,3.4285714286,0,16,59,68.3333333333,64,4.3333333333
-1.4428571429,9.9285714286,30,7.3571428572,0.3571428571,0,2.4142857143,25.1,77.8571428569,-1.2285714285,-3.4285714286,0,7.9,9.6285714285,57.1428571429,-0.9857142857,3.4285714286,0,17,59,63.8333333333,86,-22.1666666667
-1.3142857143,10.0714285714,30,7.3571428572,0.4,0,2.4142857143,25.2,77.5714285712,-1.2285714285,-3.4285714286,0,7.9,9.6285714285,57.1428571429,-0.9857142857,3.4285714286,0,18,59,49.6666666667,64,-14.3333333333
-1.1,10.0714285714,30,7.3571428572,0.4,0,2.4142857143,25.4857142857,76.857142857,-1.1714285714,-3.4285714286,0,7.9,9.6285714285,57.1428571429,-1.1428571428,3.4285714286,0,19,59,40,71,-31
-1.1,10.0714285714,30,7.3571428572,0.4,0,2.4142857143,25.4857142857,77.7142857141,-1.1714285714,-3.4285714286,0,7.9,9.6285714285,57.1428571429,-1.1428571428,3.4285714286,0,20,59,36,80,-44
-1.4428571429,10.0714285714,30,7.3571428572,0.3571428571,0,2.4142857143,25.6714285714,85.7142857141,-1.3857142857,-3.4285714286,0,7.9,9.6285714285,57.1428571429,-1.1428571428,3.4285714286,0,21,59,41.6666666667,106,-64.3333333333
-1.9857142857,10.0714285714,30,7.3571428572,0.3571428571,0,2.4142857143,25.6714285714,86.9999999998,-1.3857142857,-3.4285714286,0,7.9,9.6285714285,57.1428571429,-1.1428571428,3.4285714286,0,22,59,29.6666666667,89,-59.3333333333
-2.2,10.0714285714,30,8.2571428572,0.3571428571,0,2.4142857143,25.6714285714,96.7142857141,-1.3857142857,-3.4285714286,0,7.9,9.6285714285,57.1428571429,-1.0428571429,3.4285714286,0,23,59,25.6666666667,93,-67.3333333333
-2.4571428571,10.0714285714,30.1428571429,8.2571428572,0.3571428571,0,2.4142857143,25.6714285714,105.571428571,-1.3857142857,-3.4285714286,0.0142857143,7.9,9.6285714285,57.1428571429,-1.1428571428,3.4285714286,0,24,59,22.6666666667,116,-93.3333333333
-3.6285714286,10.0714285714,30.1428571429,8.2571428572,0.3571428571,0,2.4142857143,25.6714285714,118.857142857,-1.3857142857,-3.4285714286,0.0142857143,7.9,9.6285714285,57.1428571429,-1.1428571428,3.4285714286,0,25,59,27.5,126,-98.5
-3.6285714286,10.0714285714,30.1428571429,8.9285714286,0.3571428571,0,2.4142857143,25.6714285714,144.142857143,-1.3857142857,-3.4285714286,0.0142857143,7.9,9.6285714285,57.1428571429,-1.1428571428,3.4285714286,0,26,59,30,136,-106
-3.7285714285,10.0714285714,30.1428571429,8.9285714286,0.4,0,2.4142857143,25.6714285714,147.571428571,-1.3857142857,-3.4285714286,0.0142857143,7.9,9.6285714285,57.1428571429,-1.1428571428,3.4285714286,0,27,59,37.6666666667,150,-112.333333333
-3.7285714285,10.0714285714,30.1428571429,8.9285714286,0.4,0,2.4142857143,25.6714285714,143.285714285,-1.3857142857,-3.4285714286,0.0142857143,7.9,9.6285714285,57.1428571429,-1.0428571429,3.4285714286,0,28,59,36.1666666667,161,-124.833333333
-3.7285714285,10.0714285714,30.1428571429,8.9285714286,0.4,0,2.4142857143,25.6714285714,149.857142857,-1.3857142857,-3.4285714286,0.0142857143,7.9,9.6285714285,57.1428571429,-1.0428571429,3.4285714286,0,29,59,50.3333333333,176,-125.666666667
-3.7285714285,10.0714285714,30.1428571429,8.9285714286,0.4,0,2.4142857143,25.6714285714,162.714285714,-1.3857142857,-3.4285714286,0.0142857143,7.9,9.6285714285,57.1428571429,-1.0428571429,3.4285714286,0,30,59,72,214,-142
-3.7285714285,10.0714285714,30.1428571429,8.9285714286,0.4,0,2.4142857143,25.6714285714,177,-1.3857142857,-3.4285714286,0.0142857143,7.9,9.6285714285,57.1428571429,-1.0428571429,3.4285714286,0,31,59,97.6666666667,244,-146.333333333
-3.7285714285,10.0714285714,30.1428571429,8.9285714286,0.4,0,2.4142857143,25.6857142857,180.857142857,-1.3857142857,-3.4285714286,0.0142857143,7.9,9.6285714285,57.1428571429,-1.0428571429,3.4285714286,0,32,59,108,244,-136
-3.7285714285,10.0714285714,30.1428571429,8.9285714286,0.4,0,2.4142857143,25.6857142857,184.857142857,-1.3857142857,-3.4285714286,0.0142857143,7.9,9.6285714285,57.1428571429,-0.9857142857,3.4285714286,0,33,59,130.666666667,224,-93.3333333333
-3.7285714285,10.0714285714,30.1428571429,8.9285714286,0.4,0,2.4142857143,25.6857142857,188.428571428,-1.3857142857,-3.4285714286,0.0142857143,7.9,9.6285714285,57.1428571429,-0.9857142857,3.4285714286,0,34,59,147.666666667,232,-84.3333333333
-3.7285714285,10.0714285714,30.1428571429,8.9285714286,0.4,0,2.4142857143,25.6857142857,208,-1.3,-3.4285714286,0.0142857143,7.9,9.6285714285,57.1428571429,-0.9857142857,3.4285714286,0,35,59,150.666666667,239,-88.3333333333
-3.7285714285,10.0714285714,30.1428571429,8.9285714286,0.4,0,2.4142857143,25.6857142857,203.857142857,-1.3,-3.4285714286,0.0142857143,7.9,9.6285714285,57.1428571429,-0.9857142857,3.4285714286,0,36,59,142.666666667,242,-99.3333333333
-3.7285714285,10.0714285714,30.7142857143,8.9285714286,0.4,0,2.4142857143,25.6857142857,203.714285714,-1.3,-3.4285714286,0.0142857143,7.9,9.6285714285,57.1428571429,-0.9857142857,3.4285714286,0,37,59,151,234,-83
-3.7285714285,10.0714285714,30.7142857143,8.9285714286,0.3571428571,0,2.4142857143,25.6857142857,213.428571428,-1.3,-3.4285714286,0.0142857143,7.9,9.6285714285,57.1428571429,-0.9857142857,3.4285714286,0,38,59,161,237,-76
-3.7285714285,10.0714285714,30.7142857143,8.9285714286,0.3285714286,0,2.4142857143,25.6857142857,236.571428571,-1.3,-3.4285714286,0.0142857143,7.9,9.6285714285,57.1428571429,-0.9857142857,3.4285714286,0,39,59,151.333333333,224,-72.6666666667
-3.7285714285,10.0714285714,30.7142857143,8.9285714286,0.3571428571,0,2.4142857143,25.6857142857,245.857142857,-1.1714285714,-3.4285714286,0.0142857143,7.9,9.6285714285,57.1428571429,-0.9857142857,3.4285714286,0,40,59,140.333333333,181,-40.6666666667
-3.7285714285,10.0714285714,30.7142857143,8.9285714286,0.3571428571,0,2.4142857143,25.6857142857,243.142857143,-1.1714285714,-2.5428571429,0.0142857143,7.9,9.6285714285,57.1428571429,-0.9857142857,3.4285714286,0,41,59,139,185,-46
-3.7285714285,10.0714285714,30.7142857143,8.9285714286,0.3571428571,0,2.4142857143,25.6857142857,242.428571428,-1.1714285714,-2.5428571429,0.0571428571,7.9,9.6285714285,57.1428571429,-0.9857142857,3.4285714286,0,42,59,142.333333333,200,-57.6666666667
-3.7285714285,10.0714285714,30.7142857143,8.9285714286,0.3285714286,0,2.4142857143,25.6857142857,257,-1.1714285714,-2.5428571429,0.0571428571,7.9,9.6285714285,57.1428571429,-1,3.4285714286,0,43,59,177.333333333,241,-63.6666666667
-3.7285714285,10.0714285714,30.7142857143,8.9285714286,0.3571428571,0,2.4142857143,25.6857142857,262.714285714,-1.0714285715,-2.5428571429,0.2571428571,7.9,9.6285714285,57.1428571429,-0.9857142857,3.4285714286,0,44,59,165.333333333,238,-72.6666666667
-3.7285714285,10.0714285714,30.7142857143,8.9285714286,0.3571428571,0,2.4142857143,25.6857142857,245.428571428,-1.0714285715,-2.2571428571,0.2571428571,7.9,9.6285714285,57.1428571429,-0.9857142857,3.4285714286,0,45,59,170.666666667,257,-86.3333333333
-3.7285714285,10.0714285714,30.7142857143,8.9285714286,0.3285714286,0,2.4142857143,25.6857142857,228.714285714,-1.0714285715,-2.2571428571,0.2571428571,7.9,9.6285714285,57.1428571429,-0.9857142857,3.4285714286,0,46,59,143.666666667,276,-132.333333333
-3.7285714285,10.0714285714,30.7142857143,8.9285714286,0.3285714286,0,2.4142857143,25.6857142857,224.142857143,-1.1,-2.2571428571,0,7.9,9.6285714285,57.1428571429,-1,3.4285714286,0,47,59,179.666666667,279,-99.3333333333
-3.7285714285,10.0714285714,30.7142857143,8.9285714286,0.3285714286,0,2.4142857143,25.6714285714,201.714285714,-1.1,-2.2571428571,0,7.9,9.6285714285,57.1428571429,-1,3.4285714286,0,48,59,202,292,-90
-3.7285714285,10.0714285714,30.7142857143,8.9285714286,0.3,0,2.4142857143,25.6571428571,161.857142857,-1.1,-3.7142857143,0,7.9,9.6285714285,57.1428571429,-1,3.4285714286,0,49,59,203.444444444,273,-69.5555555556
-3.7285714285,10.0714285714,30.7142857143,8.9285714286,0.3285714286,0,2.4142857143,25.6285714286,140.571428571,-1.1,-3.7142857143,0,7.9,9.6285714285,57.1428571429,-1,3.4285714286,0,50,59,191.222222222,259,-67.7777777778
-3.7285714285,10.0714285714,30.7142857143,8.9285714286,0.3285714286,0,2.4142857143,25.4857142857,129.714285714,-1.0714285715,-3.7142857143,0,7.9,9.6285714285,57.1428571429,-1,3.4285714286,0,51,59,151.222222222,196,-44.7777777778
-3.7285714285,8.6285714286,30.7142857143,8.9285714286,0.3285714286,0,2.4142857143,25.1,140.142857143,-1.0714285714,-3.7142857143,0,7.9,8.8857142857,57.1428571429,-1,3.4285714286,0,0,60,127.111111111,116,11.1111111111
-3.7285714285,8.6285714286,30.7142857143,8.9285714286,0.3142857143,0,2.4142857143,25.1,163.857142857,-1.0714285714,-3.7142857143,0,7.9,8.8857142857,57.1428571429,-1,3.4285714286,0,1,60,79.1666666667,97,-17.8333333333
-3.7285714285,8.6285714286,30.7142857143,8.9285714286,0.3142857143,0,2.4142857143,25.0857142857,163.571428572,-1.0714285714,-3.7142857143,0,7.9,8.8857142857,57.1428571429,-1,3.4285714286,0,2,60,52.8333333333,79,-26.1666666667
-3.7285714285,5.9,30.7142857143,8.9285714286,0.3142857143,0,2.4142857143,25.0857142857,158.285714286,-1.0714285715,-3.7142857143,0,7.3142857143,7.4285714285,57.1428571429,-1.0428571429,3.4285714286,0,3,60,26.5,69,-42.5
-3.7285714285,5.9,30.7142857143,8.9285714286,0.3,0,2.4142857143,25.0857142857,161.714285715,-1.0714285715,-3.7142857143,0,7.3142857143,7.4285714285,57.1428571429,-1,3.4285714286,0,4,60,26.3333333333,68,-41.6666666667
-3.7285714285,7.6285714286,29.7142857143,8.9285714286,0.3,0,2.4142857143,25.0571428571,163.285714286,-1.0714285715,-3.7142857143,0,7.3142857143,7.4285714285,60.7142857143,-1,3.4285714286,0,5,60,28.6666666667,78,-49.3333333333
-3.7285714285,9.8571428571,32.7142857143,8.9285714286,0.2857142857,0,2.4142857143,25.0571428571,167.142857143,-1.1,-3.7142857143,0,7.3142857143,9.4571428571,56.7142857143,-1.0428571429,3.4285714286,0,6,60,31,78,-47
-3.7285714285,9.8571428571,32.7142857143,7.1714285714,0.3,0,2.3857142857,25.0857142857,172.428571429,-1.1,-3.7142857143,0,7.3142857143,9.4571428571,56.7142857143,-1.0428571429,4,0,7,60,31,108,-77
-3.7285714285,9.8571428571,32.7142857143,7.1714285714,0.2857142857,0,2.3857142857,25.0857142857,174,-1.1,-3.7142857143,0,7.3142857143,9.4571428571,56.7142857143,-1.0428571429,4,0,8,60,41.3333333333,117,-75.6666666667
-3.7285714285,9.8571428571,32.7142857143,7.1714285714,0.2857142857,0,2.3857142857,25.0571428571,171.428571429,-1.1,-3.7142857143,0,7.3142857143,9.4571428571,56.7142857143,-1.0428571429,4,0,9,60,51.6666666667,127,-75.3333333333
-3.7285714285,9.8571428571,32.7142857143,7.1714285714,0.2571428571,0,2.3857142857,25.0571428571,161.142857143,-1.1,-3.7142857143,0,7.3142857143,9.4571428571,56.7142857143,-1.0428571429,4,0,10,60,59.5,101,-41.5
-3.7285714285,9.8571428571,32.7142857143,6.6428571429,0.2571428571,0,2.3857142857,25.0857142857,147,-1.1,-3.7142857143,0,7.3142857143,9.3571428571,56.7142857143,-1.0428571429,4,0,11,60,57,136,-79
-3.7285714285,9.8571428571,32.7142857143,6.4571428571,0.2571428571,0,2.3857142857,25.0857142857,146.428571429,-1.1714285714,-3.7142857143,0,7.3142857143,9.3571428571,56.7142857143,-1.1714285714,4,0,12,60,38.3333333333,87,-48.6666666667
-3.7285714285,9.6142857143,32.7142857143,6.4571428571,0.2571428571,0,2.3857142857,25.0857142857,136.571428572,-1.1714285714,-3.7142857143,0,7.3142857143,8.3571428571,56.7142857143,-1.1714285714,4,0,13,60,28.5,91,-62.5
-3.7285714285,9.6142857143,32.7142857143,6.4571428571,0.2857142857,0,2.3857142857,25.1,130.142857143,-1.1,-3.7142857143,0,7.3142857143,8.9571428571,56.7142857143,-1.1714285714,4,0,14,60,12.6666666667,92,-79.3333333333
-3.7285714285,9.6142857143,32.7142857143,6.4571428571,0.2857142857,0,2.3857142857,25.0857142857,116.857142857,-1.1,-3.7142857143,0,7.3142857143,8.9571428571,56.7142857143,-1.1714285714,4,0,15,60,17.7777777778,70,-52.2222222222
-3.7285714285,9.6142857143,32.7142857143,6.4571428571,0.3142857143,0,2.3857142857,25.1,108.285714286,-1.0714285715,-3.7142857143,0,6.9571428571,9.2571428571,56.7142857143,-1.1714285714,4,0,16,60,16.5555555555,64,-47.4444444445
-3.7285714285,9.6142857143,32.7142857143,6.4571428571,0.3142857143,0,2.3857142857,25.1714285714,109.428571429,-1.0714285715,-3.7142857143,0,6.9571428571,9.8857142857,56.7142857143,-1.1714285714,4,0,17,60,21.3333333333,86,-64.6666666667
-3.7285714285,9.6142857143,32.7142857143,7,0.3142857143,0,2.3857142857,25.2142857143,110.714285715,-1.1,-3.7142857143,0,6.9571428571,9.8857142857,56.7142857143,-1.1714285714,4,0,18,60,21.3888888889,64,-42.6111111111
-3.7285714285,9.6142857143,32.7142857143,7,0.3142857143,0,2.3857142857,25.2285714286,115.428571429,-1.0714285715,-3.7142857143,0,6.9571428571,9.8857142857,56.7142857143,-1.1714285714,4,0,19,60,21.4444444444,71,-49.5555555556
-3.7285714285,9.6142857143,32.7142857143,7,0.3142857143,0,2.3857142857,25.3857142857,126.571428572,-1.0714285715,-3.7142857143,0,6.9571428571,9.8857142857,56.7142857143,-1.1714285714,4,0,20,60,17.6666666667,80,-62.3333333333
-3.7285714285,9.6142857143,32.7142857143,7,0.3285714286,0,2.3857142857,25.6428571429,124.142857143,-1.0714285715,-3.7142857143,0,6.9571428571,9.8857142857,56.7142857143,-1.1714285714,4,0,21,60,10.5,106,-95.5
-3.7285714285,9.6142857143,32.7142857143,7,0.3142857143,0,2.3857142857,25.7428571429,131.428571429,-1.0714285715,-3.7142857143,0,6.9571428571,9.8857142857,56.7142857143,-1.1714285714,4,0,22,60,7,89,-82
-3.5714285714,9.6142857143,32.7142857143,7,0.3285714286,0,2.3857142857,25.7428571429,118,-1.0714285715,-3.7142857143,0,6.9571428571,9.8857142857,56.7142857143,-1,4,0,23,60,30,93,-63
-3.3857142857,9.6142857143,32.7142857143,7,0.3285714286,0,2.3857142857,25.7428571429,100.142857143,-1.0857142857,-3.7142857143,0,6.9571428571,9.8857142857,56.7142857143,-1.0285714286,4,0,24,60,52.6666666667,116,-63.3333333333
-2.8142857143,9.6142857143,32.7142857143,7,0.3142857143,0,2.3857142857,25.7428571429,91.0000000003,-1.0857142857,-3.7142857143,0,6.9571428571,9.8857142857,56.7142857143,-1.0285714286,4,0,25,60,71.6666666667,126,-54.3333333333
-2.8,9.6142857143,32.7142857143,7,0.3142857143,0,2.3857142857,25.7428571429,79.4285714289,-1.0857142857,-3.7142857143,0,6.9571428571,9.8857142857,56.7142857143,-1.0285714286,4,0,26,60,86.3333333333,136,-49.6666666667
-2.8,9.6142857143,32.7142857143,7,0.2857142857,0,2.3857142857,25.7428571429,80.2857142859,-1.0857142857,-3.7142857143,0,6.9571428571,9.8857142857,56.7142857143,-1.0285714286,4,0,27,60,104.666666667,150,-45.3333333333
-2.8,9.1714285714,32.7142857143,7,0.3142857143,0,2.3857142857,25.7428571429,82.5714285717,-1.0857142857,-3.7142857143,0,6.9571428571,9.8857142857,56.7142857143,-1.0285714286,4,0,28,60,118,161,-43
-2.8,9.0714285714,32.7142857143,7,0.3142857143,0,2.3857142857,25.7428571429,72.8571428574,-1.0714285715,-3.7142857143,0,6.9571428571,9.8857142857,56.7142857143,-1.0285714286,4,0,29,60,113,176,-63
-2.8,9.0714285714,32.7142857143,7,0.3285714286,0,2.3857142857,25.7428571429,65.5714285717,-1.0714285715,-3.7142857143,0,6.9571428571,9.8857142857,56.7142857143,-1.0285714286,4,0,30,60,145.333333333,214,-68.6666666667
-2.8,9.0714285714,32.7142857143,7,0.3285714286,0,2.3857142857,25.7428571429,51.1428571431,-1.0285714285,-3.7142857143,0,6.9571428571,9.8857142857,56.7142857143,-1.0285714286,4,0,31,60,182.666666667,244,-61.3333333333
-2.8,9.0714285714,32.7142857143,7,0.3285714286,0,2.3857142857,25.7428571429,61.4285714288,-1.0285714285,-3.7142857143,0,6.9571428571,9.8857142857,56.7142857143,-1.0285714286,4,0,32,60,215,244,-29
-2.8,9.0714285714,32.7142857143,7,0.3285714286,0,2.3857142857,25.7428571429,68.5714285716,-1.0285714285,-3.7142857143,0,6.9571428571,9.8857142857,56.7142857143,-1.0285714286,4,0,33,60,210,224,-14
-2.8,9.0714285714,31.4285714286,7,0.3142857143,0,2.3857142857,25.7428571429,72.1428571431,-1.0285714285,-3.7142857143,0,6.9571428571,9.8857142857,56.7142857143,-1.0285714286,4,0,34,60,180.666666667,232,-51.3333333333
-2.8,9.0714285714,31.4285714286,7,0.3142857143,0,2.3857142857,25.7428571429,70.1428571431,-1.0285714285,-3.7142857143,0,6.9571428571,9.8857142857,56.7142857143,-1.0285714286,4,0,35,60,156.333333333,239,-82.6666666667
-2.8,9.0714285714,31.4285714286,7,0.3142857143,0,2.3857142857,25.8571428571,87.1428571431,-1.0285714285,-3.7142857143,0,6.9571428571,9.8857142857,56.7142857143,-1.0285714286,4,0,36,60,127.333333333,242,-114.666666667
-2.8,9.0714285714,31.4285714286,7,0.3142857143,0,2.3857142857,25.8571428571,91.5714285717,-1.0285714285,-3.7142857143,0,6.9571428571,9.8857142857,56.7142857143,-1.0285714286,4,0,37,60,122.666666667,234,-111.333333333
-2.8,9.0714285714,31.4285714286,7,0.3142857143,0,2.3857142857,25.8571428571,97.5714285716,-1.0285714285,-3.7142857143,0,6.9571428571,9.8857142857,56.7142857143,-1.0285714286,4,0,38,60,85,237,-152
-2.8,9.0714285714,34.8571428572,7,0.3142857143,0,2.3857142857,25.8571428571,98.1428571431,-1.0857142857,-3.7142857143,0,6.9571428571,9.8857142857,56.7142857143,-1.1714285714,4,0,39,60,49,224,-175
-2.8,9.0714285714,34.8571428572,7,0.1857142857,0,2.3857142857,25.9571428571,83.5714285716,-1.0857142857,-3.7142857143,0,6.9571428571,9.8857142857,56.7142857143,-1.1714285714,4,0,40,60,13,181,-168
-2.8,9.0714285714,34.8571428572,7,0.1857142857,0,2.3857142857,25.9571428571,87.142857143,-1.0857142857,-3.7142857143,0,6.9571428571,9.8857142857,56.7142857143,-1.1714285714,4,0,41,60,44.5,185,-140.5
-2.8,9.0714285714,34.8571428572,7,0.1857142857,0,2.3857142857,25.9571428571,87.4285714286,-1.0285714285,-3.7142857143,0,6.9571428571,9.8857142857,56.7142857143,-1.1714285714,4,0,42,60,79,200,-121
-2.8,9.0714285714,34.8571428572,7,0.1857142857,0,2.3857142857,25.9571428571,64.8571428572,-0.9571428571,-3.7142857143,0,6.9571428571,9.8857142857,56.7142857143,-1.1714285714,4,0,43,60,133,241,-108
-2.8,9.0714285714,34.8571428572,7,0.3142857143,0,2.3857142857,25.9571428571,54.8571428572,-1.0857142857,-3.7142857143,0,6.9571428571,9.8857142857,56.7142857143,-1.1714285714,4,0,44,60,166.166666667,238,-71.8333333333
-2.8,9.0714285714,34.8571428572,7,0.3142857143,0.0428571429,2.5428571428,25.9571428571,61.7142857144,-1.0857142857,-3.7142857143,0,6.9571428571,9.8857142857,56.7142857143,-1.1714285714,4,0,45,60,199.333333333,257,-57.6666666667
-2.8,9.0714285714,34.8571428572,7,0.3142857143,0.0857142857,2.5428571428,25.9571428571,62.2857142858,-1.2142857143,-3.7142857143,0,6.9571428571,9.8857142857,56.7142857143,-1.0285714286,4,0.0285714286,46,60,202.666666667,276,-73.3333333333
-2.8,9.0714285714,34.8571428572,7,0.3142857143,0.0857142857,2.5428571428,25.9571428571,49.142857143,-1.2142857143,-3.7142857143,0,6.9571428571,9.8857142857,56.7142857143,-1.0285714286,4,0.0285714286,47,60,192.333333333,279,-86.6666666667
-2.8,9.0714285714,34.8571428572,7,0.1857142857,0.0428571429,2.5428571428,25.9571428571,44.4285714287,-1.2142857143,-2.2714285714,0,6.9571428571,9.8857142857,56.7142857143,-1.0285714286,4,0.0285714286,48,60,168,292,-124
-2.8,9.0714285714,34.8571428572,7,0.1714285714,0.0428571429,2.5428571428,25.9571428571,60.0000000001,-1.2142857143,-2.2714285714,0.0571428571,6.9571428571,9.8857142857,56.7142857143,-1.0285714286,4,0.0714285714,49,60,154,273,-119
-2.8142857143,13.4714285714,37.1428571429,8.6571428571,0.1714285714,0.0428571429,2.5428571428,25.9571428571,51,-1.2142857143,-6.2428571428,0.0571428571,9.5142857142,13.4,54.2857142857,-1.5142857143,4,0.0285714286,50,60,101.666666667,259,-157.333333333
-3.5714285714,13.4714285714,37.1428571429,8.6571428571,0.1857142857,0.1142857143,2.5428571428,25.8571428571,60.1428571428,-1.2142857143,-6.2428571428,0.0571428571,9.5142857142,13.4,54.2857142857,-1.5142857143,4,0.0714285714,51,60,57,196,-139
